{
  "timestamp": "20251111_142232",
  "configuration": {
    "num_samples": 1000,
    "seed": 43,
    "note": "use_system_prompt is configured per-model"
  },
  "results": {
    "llama-leesplank": {
      "model_name": "llama-leesplank",
      "model_path": "UWV/leesplank-noot-llama-3.2-3b",
      "model_type": "llama",
      "num_samples": 1000,
      "sari_mean": 66.92122072216632,
      "sari_std": 12.592454686983762,
      "sari_median": 65.5769648464275,
      "sari_min": 38.760893246187365,
      "sari_max": 100.0,
      "sari_q25": 58.16699865861706,
      "sari_q75": 74.31047273647027,
      "avg_generation_time": 3.8783555481433867,
      "total_time": 3878.355548143387,
      "tokens_per_second": 16.797583200226864
    },
    "eurollm-leesplank": {
      "model_name": "eurollm-leesplank",
      "model_path": "UWV/leesplank-noot-eurollm-1.7b",
      "model_type": "eurollm",
      "num_samples": 1000,
      "sari_mean": 66.22496957179766,
      "sari_std": 12.91210673811758,
      "sari_median": 64.85060109165616,
      "sari_min": 34.062745861362735,
      "sari_max": 100.0,
      "sari_q25": 57.164877208606555,
      "sari_q75": 73.50023998163553,
      "avg_generation_time": 2.646299319267273,
      "total_time": 2646.299319267273,
      "tokens_per_second": 24.072484747356004
    },
    "granite-leesplank": {
      "model_name": "granite-leesplank",
      "model_path": "UWV/leesplank-noot-granite-3.3-2b",
      "model_type": "granite",
      "num_samples": 1000,
      "sari_mean": 65.53470222044251,
      "sari_std": 12.287578110762407,
      "sari_median": 64.7765000511711,
      "sari_min": 36.48989898989899,
      "sari_max": 100.0,
      "sari_q25": 57.01197070382723,
      "sari_q75": 71.86436892111786,
      "avg_generation_time": 8.303345739364625,
      "total_time": 8303.345739364624,
      "tokens_per_second": 9.422828153364
    }
  },
  "ranking": [
    "llama-leesplank",
    "eurollm-leesplank",
    "granite-leesplank"
  ]
}