{
  "llama-leesplank": {
    "model_name": "llama-leesplank",
    "model_path": "UWV/leesplank-noot-llama-3.2-3b",
    "model_type": "llama",
    "num_samples": 1000,
    "sari_mean": 67.7612238083885,
    "sari_std": 12.56718227654236,
    "sari_median": 67.23913145212089,
    "sari_min": 9.256888095079779,
    "sari_max": 100.0,
    "sari_q25": 58.75083021336072,
    "sari_q75": 74.86742707138872,
    "avg_generation_time": 4.814892008781433,
    "total_time": 4814.892008781433,
    "tokens_per_second": 13.960230027466697
  },
  "eurollm-leesplank": {
    "model_name": "eurollm-leesplank",
    "model_path": "UWV/leesplank-noot-eurollm-1.7b",
    "model_type": "eurollm",
    "num_samples": 1000,
    "sari_mean": 66.80650988710995,
    "sari_std": 12.559191198563356,
    "sari_median": 66.07779762122601,
    "sari_min": 35.10640341296641,
    "sari_max": 100.0,
    "sari_q25": 57.970509719725044,
    "sari_q75": 73.70756386820217,
    "avg_generation_time": 2.6919299182891847,
    "total_time": 2691.9299182891846,
    "tokens_per_second": 24.07752132016579
  },
  "granite-leesplank": {
    "model_name": "granite-leesplank",
    "model_path": "UWV/leesplank-noot-granite-3.3-2b",
    "model_type": "granite",
    "num_samples": 1000,
    "sari_mean": 65.22481106394248,
    "sari_std": 11.885188422989737,
    "sari_median": 64.82525803883735,
    "sari_min": 30.36740539237382,
    "sari_max": 100.0,
    "sari_q25": 56.73720174294011,
    "sari_q75": 71.59584438770923,
    "avg_generation_time": 8.178675077199935,
    "total_time": 8178.675077199936,
    "tokens_per_second": 9.583459332979675
  },
  "run_metadata": {
    "run_id": 1,
    "seed": 42,
    "num_samples": 1000
  }
}